1,Julia
2,Eden
3,Mila
4,Joshua
5,Isabella
6,Eliana
7,Madelyn
8,Jaxson
9,Audrey
10,Rowan
11,Brayden
12,Genesis
13,Emily
14,Aurora
15,Parker
16,Cameron
17,Angel
18,Valentina
19,Kamryn
20,Melanie
21,Roman
22,Alexa
23,Piper
24,Ezekiel
25,Allison
26,Aria
27,Noah
28,Isaiah
29,Remy
30,Jacob
31,Lennox
32,Nathan
33,Connor
34,Carson
35,Chandler
36,Nolan
37,Samuel
38,Blake
39,Oliver
40,Jack
41,Bryson
42,Aubrey
43,Jason
44,John
45,Jos√©
46,Evelyn
47,William
48,Elliott
49,Eleanor
50,Julian
51,Grace
52,Leo
53,Lucy
54,Caroline
55,Amelia
56,Cooper
57,Santiago
58,Peyton
59,Alexander
60,Luna
61,Zoey
62,Remington
63,Clara
64,Christian
65,Stella
66,Leah
67,Victoria
68,Gianna
69,Elizabeth
70,Hunter
71,Sebastian
72,Ayden
73,Aaron
74,Aiden
75,Emerson
76,Peyton
77,Jayden
78,Jace
79,Vivian
80,Charlotte
81,Ezra
82,Jonathan
83,Sophia
84,Daniel
85,Avery
86,Vivian
87,Emery
88,Reagan
89,Ari
90,Eva
91,Austin
92,Nicholas
93,Theodore
94,Gavin
95,Rory
96,Alice
97,Ellis
98,Avery
99,Savannah
100,Brooklyn
101,Zoe
102,Camila
103,Sadie
104,Dallas
105,James
106,Serenity
107,Mackenzie
108,Ella
109,Michael
110,Hunter
111,Dominic
112,Cora
113,Everly
114,Ellie
115,Easton
116,Kayden
117,Ava
118,Milan
119,Lily
120,Quinn
121,Willow
122,Kaylee
123,Natalie
124,Bella
125,Madison
126,Thomas
127,Anna
128,Emilia
129,Kinsley
130,Dylan
131,Sarah
132,Marley
133,Ariel
134,Charles
135,Olivia
136,Elijah
137,Skylar
138,Abigail
139,Sofia
140,Jeremiah
141,Benjamin
142,Ariana
143,Sawyer
144,Harper
145,Aubree
146,Landon
147,Adeline
148,Jackson
149,Aaliyah
150,Mateo
151,Arianna
152,Penelope
153,Adrian
154,Claire
155,London
156,Addison
157,Colton
158,Autumn
159,Eli
160,Grayson
161,Skyler
162,Violet
163,Andrew
164,Lydia
165,Maya
166,Quinn
167,Luke
168,Gabriel
169,Paisley
170,Charlie
171,Nevaeh
172,Anthony
173,Harper
174,Isabelle
175,Chase
176,Skylar
177,Phoenix
178,Henry
179,Jaxon
180,Asher
181,David
182,Mason
183,Leonardo
184,Isaac
185,Owen
186,Hannah
187,Lincoln
188,Payton
189,Riley
190,Samantha
191,Adam
192,Caleb
193,Lillian
194,Christopher
195,Gabriella
196,Maverick
197,Greyson
198,Levi
199,River
200,Robert
201,Hudson
202,Evan
203,Naomi
204,Riley
205,Mia
206,Finley
207,Armani
208,Hazel
209,Emma
210,Oakley
211,Taylor
212,Lennon
213,Unisex
214,Joseph
215,Elliot
216,Cameron
217,Elena
218,Sage
219,Liam
220,Chloe
221,Tatum
222,Amari
223,Scarlett
224,Ruby
225,Jordan
226,Elias
227,Hailey
228,Nora
229,Lucas
230,Matthew
231,Reese
232,Josiah
233,Layla